1565,http://www.Department1.University0.edu/FullProfessor1,FullProfessor1,FullProfessor1@Department1.University0.edu,xxx-xxx-xxxx,Research2
2775,http://www.Department10.University0.edu/FullProfessor3,FullProfessor3,FullProfessor3@Department10.University0.edu,xxx-xxx-xxxx,Research14
5253,http://www.Department12.University0.edu/FullProfessor0,FullProfessor0,FullProfessor0@Department12.University0.edu,xxx-xxx-xxxx,Research18
6384,http://www.Department13.University0.edu/FullProfessor3,FullProfessor3,FullProfessor3@Department13.University0.edu,xxx-xxx-xxxx,Research7
8550,http://www.Department2.University0.edu/FullProfessor0,FullProfessor0,FullProfessor0@Department2.University0.edu,xxx-xxx-xxxx,Research23
9621,http://www.Department3.University0.edu/FullProfessor5,FullProfessor5,FullProfessor5@Department3.University0.edu,xxx-xxx-xxxx,Research21
11772,http://www.Department5.University0.edu/FullProfessor1,FullProfessor1,FullProfessor1@Department5.University0.edu,xxx-xxx-xxxx,Research16
12917,http://www.Department6.University0.edu/FullProfessor3,FullProfessor3,FullProfessor3@Department6.University0.edu,xxx-xxx-xxxx,Research29
13877,http://www.Department7.University0.edu/FullProfessor5,FullProfessor5,FullProfessor5@Department7.University0.edu,xxx-xxx-xxxx,Research2
16227,http://www.Department9.University0.edu/FullProfessor1,FullProfessor1,FullProfessor1@Department9.University0.edu,xxx-xxx-xxxx,Research1
17198,http://www.Department0.University1.edu/FullProfessor6,FullProfessor6,FullProfessor6@Department0.University1.edu,xxx-xxx-xxxx,Research12
19313,http://www.Department10.University1.edu/FullProfessor3,FullProfessor3,FullProfessor3@Department10.University1.edu,xxx-xxx-xxxx,Research15
20397,http://www.Department11.University1.edu/FullProfessor5,FullProfessor5,FullProfessor5@Department11.University1.edu,xxx-xxx-xxxx,Research21
22418,http://www.Department13.University1.edu/FullProfessor0,FullProfessor0,FullProfessor0@Department13.University1.edu,xxx-xxx-xxxx,Research12
23641,http://www.Department14.University1.edu/FullProfessor2,FullProfessor2,FullProfessor2@Department14.University1.edu,xxx-xxx-xxxx,Research2
25879,http://www.Department16.University1.edu/FullProfessor0,FullProfessor0,FullProfessor0@Department16.University1.edu,xxx-xxx-xxxx,Research7
27122,http://www.Department17.University1.edu/FullProfessor2,FullProfessor2,FullProfessor2@Department17.University1.edu,xxx-xxx-xxxx,Research23
28229,http://www.Department18.University1.edu/FullProfessor6,FullProfessor6,FullProfessor6@Department18.University1.edu,xxx-xxx-xxxx,Research20
30347,http://www.Department3.University1.edu/FullProfessor0,FullProfessor0,FullProfessor0@Department3.University1.edu,xxx-xxx-xxxx,Research18
31621,http://www.Department4.University1.edu/FullProfessor3,FullProfessor3,FullProfessor3@Department4.University1.edu,xxx-xxx-xxxx,Research17
32637,http://www.Department5.University1.edu/FullProfessor8,FullProfessor8,FullProfessor8@Department5.University1.edu,xxx-xxx-xxxx,Research14
35038,http://www.Department7.University1.edu/FullProfessor1,FullProfessor1,FullProfessor1@Department7.University1.edu,xxx-xxx-xxxx,Research16
36242,http://www.Department8.University1.edu/FullProfessor3,FullProfessor3,FullProfessor3@Department8.University1.edu,xxx-xxx-xxxx,Research13
37195,http://www.Department9.University1.edu/FullProfessor7,FullProfessor7,FullProfessor7@Department9.University1.edu,xxx-xxx-xxxx,Research5
39321,http://www.Department1.University2.edu/FullProfessor2,FullProfessor2,FullProfessor2@Department1.University2.edu,xxx-xxx-xxxx,Research19
40477,http://www.Department10.University2.edu/FullProfessor5,FullProfessor5,FullProfessor5@Department10.University2.edu,xxx-xxx-xxxx,Research18
42566,http://www.Department12.University2.edu/FullProfessor1,FullProfessor1,FullProfessor1@Department12.University2.edu,xxx-xxx-xxxx,Research12
43767,http://www.Department13.University2.edu/FullProfessor4,FullProfessor4,FullProfessor4@Department13.University2.edu,xxx-xxx-xxxx,Research19
44903,http://www.Department14.University2.edu/FullProfessor6,FullProfessor6,FullProfessor6@Department14.University2.edu,xxx-xxx-xxxx,Research26
46835,http://www.Department2.University2.edu/FullProfessor3,FullProfessor3,FullProfessor3@Department2.University2.edu,xxx-xxx-xxxx,Research22
47838,http://www.Department3.University2.edu/FullProfessor8,FullProfessor8,FullProfessor8@Department3.University2.edu,xxx-xxx-xxxx,Research29
49906,http://www.Department5.University2.edu/FullProfessor2,FullProfessor2,FullProfessor2@Department5.University2.edu,xxx-xxx-xxxx,Research0
51079,http://www.Department6.University2.edu/FullProfessor4,FullProfessor4,FullProfessor4@Department6.University2.edu,xxx-xxx-xxxx,Research14
52194,http://www.Department7.University2.edu/FullProfessor8,FullProfessor8,FullProfessor8@Department7.University2.edu,xxx-xxx-xxxx,Research6
54521,http://www.Department9.University2.edu/FullProfessor0,FullProfessor0,FullProfessor0@Department9.University2.edu,xxx-xxx-xxxx,Research25
55681,http://www.Department0.University3.edu/FullProfessor4,FullProfessor4,FullProfessor4@Department0.University3.edu,xxx-xxx-xxxx,Research16
56776,http://www.Department1.University3.edu/FullProfessor7,FullProfessor7,FullProfessor7@Department1.University3.edu,xxx-xxx-xxxx,Research3
58837,http://www.Department11.University3.edu/FullProfessor4,FullProfessor4,FullProfessor4@Department11.University3.edu,xxx-xxx-xxxx,Research16
60036,http://www.Department12.University3.edu/FullProfessor7,FullProfessor7,FullProfessor7@Department12.University3.edu,xxx-xxx-xxxx,Research17
62416,http://www.Department14.University3.edu/FullProfessor1,FullProfessor1,FullProfessor1@Department14.University3.edu,xxx-xxx-xxxx,Research14
63340,http://www.Department15.University3.edu/FullProfessor6,FullProfessor6,FullProfessor6@Department15.University3.edu,xxx-xxx-xxxx,Research4
65475,http://www.Department17.University3.edu/FullProfessor2,FullProfessor2,FullProfessor2@Department17.University3.edu,xxx-xxx-xxxx,Research4
66661,http://www.Department18.University3.edu/FullProfessor5,FullProfessor5,FullProfessor5@Department18.University3.edu,xxx-xxx-xxxx,Research1
67720,http://www.Department19.University3.edu/FullProfessor7,FullProfessor7,FullProfessor7@Department19.University3.edu,xxx-xxx-xxxx,Research2
69617,http://www.Department20.University3.edu/FullProfessor2,FullProfessor2,FullProfessor2@Department20.University3.edu,xxx-xxx-xxxx,Research1
70673,http://www.Department3.University3.edu/FullProfessor6,FullProfessor6,FullProfessor6@Department3.University3.edu,xxx-xxx-xxxx,Research12
71686,http://www.Department4.University3.edu/FullProfessor8,FullProfessor8,FullProfessor8@Department4.University3.edu,xxx-xxx-xxxx,Research12
73969,http://www.Department6.University3.edu/FullProfessor2,FullProfessor2,FullProfessor2@Department6.University3.edu,xxx-xxx-xxxx,Research16
75064,http://www.Department7.University3.edu/FullProfessor5,FullProfessor5,FullProfessor5@Department7.University3.edu,xxx-xxx-xxxx,Research12
76319,http://www.Department8.University3.edu/FullProfessor7,FullProfessor7,FullProfessor7@Department8.University3.edu,xxx-xxx-xxxx,Research18
77577,http://www.Department9.University3.edu/FullProfessor9,FullProfessor9,FullProfessor9@Department9.University3.edu,xxx-xxx-xxxx,Research5
2,http://www.Department0.University0.edu/FullProfessor0,FullProfessor0,FullProfessor0@Department0.University0.edu,xxx-xxx-xxxx,Research20
1571,http://www.Department1.University0.edu/FullProfessor2,FullProfessor2,FullProfessor2@Department1.University0.edu,xxx-xxx-xxxx,Research16
2782,http://www.Department10.University0.edu/FullProfessor4,FullProfessor4,FullProfessor4@Department10.University0.edu,xxx-xxx-xxxx,Research7
5258,http://www.Department12.University0.edu/FullProfessor1,FullProfessor1,FullProfessor1@Department12.University0.edu,xxx-xxx-xxxx,Research22
6389,http://www.Department13.University0.edu/FullProfessor4,FullProfessor4,FullProfessor4@Department13.University0.edu,xxx-xxx-xxxx,Research16
8556,http://www.Department2.University0.edu/FullProfessor1,FullProfessor1,FullProfessor1@Department2.University0.edu,xxx-xxx-xxxx,Research10
9625,http://www.Department3.University0.edu/FullProfessor6,FullProfessor6,FullProfessor6@Department3.University0.edu,xxx-xxx-xxxx,Research12
11776,http://www.Department5.University0.edu/FullProfessor2,FullProfessor2,FullProfessor2@Department5.University0.edu,xxx-xxx-xxxx,Research8
12922,http://www.Department6.University0.edu/FullProfessor4,FullProfessor4,FullProfessor4@Department6.University0.edu,xxx-xxx-xxxx,Research16
13882,http://www.Department7.University0.edu/FullProfessor6,FullProfessor6,FullProfessor6@Department7.University0.edu,xxx-xxx-xxxx,Research6
16231,http://www.Department9.University0.edu/FullProfessor2,FullProfessor2,FullProfessor2@Department9.University0.edu,xxx-xxx-xxxx,Research6
18133,http://www.Department1.University1.edu/FullProfessor0,FullProfessor0,FullProfessor0@Department1.University1.edu,xxx-xxx-xxxx,Research9
19317,http://www.Department10.University1.edu/FullProfessor4,FullProfessor4,FullProfessor4@Department10.University1.edu,xxx-xxx-xxxx,Research4
20400,http://www.Department11.University1.edu/FullProfessor6,FullProfessor6,FullProfessor6@Department11.University1.edu,xxx-xxx-xxxx,Research24
22421,http://www.Department13.University1.edu/FullProfessor1,FullProfessor1,FullProfessor1@Department13.University1.edu,xxx-xxx-xxxx,Research18
23645,http://www.Department14.University1.edu/FullProfessor3,FullProfessor3,FullProfessor3@Department14.University1.edu,xxx-xxx-xxxx,Research12
25883,http://www.Department16.University1.edu/FullProfessor1,FullProfessor1,FullProfessor1@Department16.University1.edu,xxx-xxx-xxxx,Research13
27126,http://www.Department17.University1.edu/FullProfessor3,FullProfessor3,FullProfessor3@Department17.University1.edu,xxx-xxx-xxxx,Research11
28233,http://www.Department18.University1.edu/FullProfessor7,FullProfessor7,FullProfessor7@Department18.University1.edu,xxx-xxx-xxxx,Research18
30352,http://www.Department3.University1.edu/FullProfessor1,FullProfessor1,FullProfessor1@Department3.University1.edu,xxx-xxx-xxxx,Research5
31625,http://www.Department4.University1.edu/FullProfessor4,FullProfessor4,FullProfessor4@Department4.University1.edu,xxx-xxx-xxxx,Research18
33850,http://www.Department6.University1.edu/FullProfessor0,FullProfessor0,FullProfessor0@Department6.University1.edu,xxx-xxx-xxxx,Research9
35042,http://www.Department7.University1.edu/FullProfessor2,FullProfessor2,FullProfessor2@Department7.University1.edu,xxx-xxx-xxxx,Research7
36246,http://www.Department8.University1.edu/FullProfessor4,FullProfessor4,FullProfessor4@Department8.University1.edu,xxx-xxx-xxxx,Research5
37199,http://www.Department9.University1.edu/FullProfessor8,FullProfessor8,FullProfessor8@Department9.University1.edu,xxx-xxx-xxxx,Research22
39325,http://www.Department1.University2.edu/FullProfessor3,FullProfessor3,FullProfessor3@Department1.University2.edu,xxx-xxx-xxxx,Research19
40482,http://www.Department10.University2.edu/FullProfessor6,FullProfessor6,FullProfessor6@Department10.University2.edu,xxx-xxx-xxxx,Research20
42570,http://www.Department12.University2.edu/FullProfessor2,FullProfessor2,FullProfessor2@Department12.University2.edu,xxx-xxx-xxxx,Research19
43771,http://www.Department13.University2.edu/FullProfessor5,FullProfessor5,FullProfessor5@Department13.University2.edu,xxx-xxx-xxxx,Research25
44907,http://www.Department14.University2.edu/FullProfessor7,FullProfessor7,FullProfessor7@Department14.University2.edu,xxx-xxx-xxxx,Research24
46839,http://www.Department2.University2.edu/FullProfessor4,FullProfessor4,FullProfessor4@Department2.University2.edu,xxx-xxx-xxxx,Research12
48845,http://www.Department4.University2.edu/FullProfessor0,FullProfessor0,FullProfessor0@Department4.University2.edu,xxx-xxx-xxxx,Research4
49910,http://www.Department5.University2.edu/FullProfessor3,FullProfessor3,FullProfessor3@Department5.University2.edu,xxx-xxx-xxxx,Research3
51083,http://www.Department6.University2.edu/FullProfessor5,FullProfessor5,FullProfessor5@Department6.University2.edu,xxx-xxx-xxxx,Research19
52197,http://www.Department7.University2.edu/FullProfessor9,FullProfessor9,FullProfessor9@Department7.University2.edu,xxx-xxx-xxxx,Research22
54526,http://www.Department9.University2.edu/FullProfessor1,FullProfessor1,FullProfessor1@Department9.University2.edu,xxx-xxx-xxxx,Research22
55685,http://www.Department0.University3.edu/FullProfessor5,FullProfessor5,FullProfessor5@Department0.University3.edu,xxx-xxx-xxxx,Research25
57863,http://www.Department10.University3.edu/FullProfessor0,FullProfessor0,FullProfessor0@Department10.University3.edu,xxx-xxx-xxxx,Research4
58842,http://www.Department11.University3.edu/FullProfessor5,FullProfessor5,FullProfessor5@Department11.University3.edu,xxx-xxx-xxxx,Research13
61269,http://www.Department13.University3.edu/FullProfessor0,FullProfessor0,FullProfessor0@Department13.University3.edu,xxx-xxx-xxxx,Research0
62419,http://www.Department14.University3.edu/FullProfessor2,FullProfessor2,FullProfessor2@Department14.University3.edu,xxx-xxx-xxxx,Research22
64271,http://www.Department16.University3.edu/FullProfessor0,FullProfessor0,FullProfessor0@Department16.University3.edu,xxx-xxx-xxxx,Research1
65478,http://www.Department17.University3.edu/FullProfessor3,FullProfessor3,FullProfessor3@Department17.University3.edu,xxx-xxx-xxxx,Research9
66665,http://www.Department18.University3.edu/FullProfessor6,FullProfessor6,FullProfessor6@Department18.University3.edu,xxx-xxx-xxxx,Research12
67724,http://www.Department19.University3.edu/FullProfessor8,FullProfessor8,FullProfessor8@Department19.University3.edu,xxx-xxx-xxxx,Research28
69622,http://www.Department20.University3.edu/FullProfessor3,FullProfessor3,FullProfessor3@Department20.University3.edu,xxx-xxx-xxxx,Research19
70678,http://www.Department3.University3.edu/FullProfessor7,FullProfessor7,FullProfessor7@Department3.University3.edu,xxx-xxx-xxxx,Research9
71690,http://www.Department4.University3.edu/FullProfessor9,FullProfessor9,FullProfessor9@Department4.University3.edu,xxx-xxx-xxxx,Research29
73974,http://www.Department6.University3.edu/FullProfessor3,FullProfessor3,FullProfessor3@Department6.University3.edu,xxx-xxx-xxxx,Research18
75069,http://www.Department7.University3.edu/FullProfessor6,FullProfessor6,FullProfessor6@Department7.University3.edu,xxx-xxx-xxxx,Research8
76323,http://www.Department8.University3.edu/FullProfessor8,FullProfessor8,FullProfessor8@Department8.University3.edu,xxx-xxx-xxxx,Research29
9,http://www.Department0.University0.edu/FullProfessor1,FullProfessor1,FullProfessor1@Department0.University0.edu,xxx-xxx-xxxx,Research12
1576,http://www.Department1.University0.edu/FullProfessor3,FullProfessor3,FullProfessor3@Department1.University0.edu,xxx-xxx-xxxx,Research14
2788,http://www.Department10.University0.edu/FullProfessor5,FullProfessor5,FullProfessor5@Department10.University0.edu,xxx-xxx-xxxx,Research26
5264,http://www.Department12.University0.edu/FullProfessor2,FullProfessor2,FullProfessor2@Department12.University0.edu,xxx-xxx-xxxx,Research20
6394,http://www.Department13.University0.edu/FullProfessor5,FullProfessor5,FullProfessor5@Department13.University0.edu,xxx-xxx-xxxx,Research20
8559,http://www.Department2.University0.edu/FullProfessor2,FullProfessor2,FullProfessor2@Department2.University0.edu,xxx-xxx-xxxx,Research11
9629,http://www.Department3.University0.edu/FullProfessor7,FullProfessor7,FullProfessor7@Department3.University0.edu,xxx-xxx-xxxx,Research18
11780,http://www.Department5.University0.edu/FullProfessor3,FullProfessor3,FullProfessor3@Department5.University0.edu,xxx-xxx-xxxx,Research22
12927,http://www.Department6.University0.edu/FullProfessor5,FullProfessor5,FullProfessor5@Department6.University0.edu,xxx-xxx-xxxx,Research1
15042,http://www.Department8.University0.edu/FullProfessor0,FullProfessor0,FullProfessor0@Department8.University0.edu,xxx-xxx-xxxx,Research23
16236,http://www.Department9.University0.edu/FullProfessor3,FullProfessor3,FullProfessor3@Department9.University0.edu,xxx-xxx-xxxx,Research6
18137,http://www.Department1.University1.edu/FullProfessor1,FullProfessor1,FullProfessor1@Department1.University1.edu,xxx-xxx-xxxx,Research10
19321,http://www.Department10.University1.edu/FullProfessor5,FullProfessor5,FullProfessor5@Department10.University1.edu,xxx-xxx-xxxx,Research11
21197,http://www.Department12.University1.edu/FullProfessor0,FullProfessor0,FullProfessor0@Department12.University1.edu,xxx-xxx-xxxx,Research19
22424,http://www.Department13.University1.edu/FullProfessor2,FullProfessor2,FullProfessor2@Department13.University1.edu,xxx-xxx-xxxx,Research24
23649,http://www.Department14.University1.edu/FullProfessor4,FullProfessor4,FullProfessor4@Department14.University1.edu,xxx-xxx-xxxx,Research21
25887,http://www.Department16.University1.edu/FullProfessor2,FullProfessor2,FullProfessor2@Department16.University1.edu,xxx-xxx-xxxx,Research18
27131,http://www.Department17.University1.edu/FullProfessor4,FullProfessor4,FullProfessor4@Department17.University1.edu,xxx-xxx-xxxx,Research9
28236,http://www.Department18.University1.edu/FullProfessor8,FullProfessor8,FullProfessor8@Department18.University1.edu,xxx-xxx-xxxx,Research17
30355,http://www.Department3.University1.edu/FullProfessor2,FullProfessor2,FullProfessor2@Department3.University1.edu,xxx-xxx-xxxx,Research11
31628,http://www.Department4.University1.edu/FullProfessor5,FullProfessor5,FullProfessor5@Department4.University1.edu,xxx-xxx-xxxx,Research4
33854,http://www.Department6.University1.edu/FullProfessor1,FullProfessor1,FullProfessor1@Department6.University1.edu,xxx-xxx-xxxx,Research18
35046,http://www.Department7.University1.edu/FullProfessor3,FullProfessor3,FullProfessor3@Department7.University1.edu,xxx-xxx-xxxx,Research1
36249,http://www.Department8.University1.edu/FullProfessor5,FullProfessor5,FullProfessor5@Department8.University1.edu,xxx-xxx-xxxx,Research23
38337,http://www.Department0.University2.edu/FullProfessor0,FullProfessor0,FullProfessor0@Department0.University2.edu,xxx-xxx-xxxx,Research11
39329,http://www.Department1.University2.edu/FullProfessor4,FullProfessor4,FullProfessor4@Department1.University2.edu,xxx-xxx-xxxx,Research8
40486,http://www.Department10.University2.edu/FullProfessor7,FullProfessor7,FullProfessor7@Department10.University2.edu,xxx-xxx-xxxx,Research19
42574,http://www.Department12.University2.edu/FullProfessor3,FullProfessor3,FullProfessor3@Department12.University2.edu,xxx-xxx-xxxx,Research29
43776,http://www.Department13.University2.edu/FullProfessor6,FullProfessor6,FullProfessor6@Department13.University2.edu,xxx-xxx-xxxx,Research4
45932,http://www.Department15.University2.edu/FullProfessor0,FullProfessor0,FullProfessor0@Department15.University2.edu,xxx-xxx-xxxx,Research8
46843,http://www.Department2.University2.edu/FullProfessor5,FullProfessor5,FullProfessor5@Department2.University2.edu,xxx-xxx-xxxx,Research22
48850,http://www.Department4.University2.edu/FullProfessor1,FullProfessor1,FullProfessor1@Department4.University2.edu,xxx-xxx-xxxx,Research24
49915,http://www.Department5.University2.edu/FullProfessor4,FullProfessor4,FullProfessor4@Department5.University2.edu,xxx-xxx-xxxx,Research11
51087,http://www.Department6.University2.edu/FullProfessor6,FullProfessor6,FullProfessor6@Department6.University2.edu,xxx-xxx-xxxx,Research1
53251,http://www.Department8.University2.edu/FullProfessor0,FullProfessor0,FullProfessor0@Department8.University2.edu,xxx-xxx-xxxx,Research4
54531,http://www.Department9.University2.edu/FullProfessor2,FullProfessor2,FullProfessor2@Department9.University2.edu,xxx-xxx-xxxx,Research24
55688,http://www.Department0.University3.edu/FullProfessor6,FullProfessor6,FullProfessor6@Department0.University3.edu,xxx-xxx-xxxx,Research23
57867,http://www.Department10.University3.edu/FullProfessor1,FullProfessor1,FullProfessor1@Department10.University3.edu,xxx-xxx-xxxx,Research17
58846,http://www.Department11.University3.edu/FullProfessor6,FullProfessor6,FullProfessor6@Department11.University3.edu,xxx-xxx-xxxx,Research12
61273,http://www.Department13.University3.edu/FullProfessor1,FullProfessor1,FullProfessor1@Department13.University3.edu,xxx-xxx-xxxx,Research8
62423,http://www.Department14.University3.edu/FullProfessor3,FullProfessor3,FullProfessor3@Department14.University3.edu,xxx-xxx-xxxx,Research14
64276,http://www.Department16.University3.edu/FullProfessor1,FullProfessor1,FullProfessor1@Department16.University3.edu,xxx-xxx-xxxx,Research1
65482,http://www.Department17.University3.edu/FullProfessor4,FullProfessor4,FullProfessor4@Department17.University3.edu,xxx-xxx-xxxx,Research25
66669,http://www.Department18.University3.edu/FullProfessor7,FullProfessor7,FullProfessor7@Department18.University3.edu,xxx-xxx-xxxx,Research1
67728,http://www.Department19.University3.edu/FullProfessor9,FullProfessor9,FullProfessor9@Department19.University3.edu,xxx-xxx-xxxx,Research16
69625,http://www.Department20.University3.edu/FullProfessor4,FullProfessor4,FullProfessor4@Department20.University3.edu,xxx-xxx-xxxx,Research26
70681,http://www.Department3.University3.edu/FullProfessor8,FullProfessor8,FullProfessor8@Department3.University3.edu,xxx-xxx-xxxx,Research8
72827,http://www.Department5.University3.edu/FullProfessor0,FullProfessor0,FullProfessor0@Department5.University3.edu,xxx-xxx-xxxx,Research6
73978,http://www.Department6.University3.edu/FullProfessor4,FullProfessor4,FullProfessor4@Department6.University3.edu,xxx-xxx-xxxx,Research22
75073,http://www.Department7.University3.edu/FullProfessor7,FullProfessor7,FullProfessor7@Department7.University3.edu,xxx-xxx-xxxx,Research28
76327,http://www.Department8.University3.edu/FullProfessor9,FullProfessor9,FullProfessor9@Department8.University3.edu,xxx-xxx-xxxx,Research5
44,http://www.Department0.University0.edu/FullProfessor6,FullProfessor6,FullProfessor6@Department0.University0.edu,xxx-xxx-xxxx,Research10
1606,http://www.Department1.University0.edu/FullProfessor8,FullProfessor8,FullProfessor8@Department1.University0.edu,xxx-xxx-xxxx,Research16
4016,http://www.Department11.University0.edu/FullProfessor3,FullProfessor3,FullProfessor3@Department11.University0.edu,xxx-xxx-xxxx,Research29
5294,http://www.Department12.University0.edu/FullProfessor7,FullProfessor7,FullProfessor7@Department12.University0.edu,xxx-xxx-xxxx,Research11
7631,http://www.Department14.University0.edu/FullProfessor2,FullProfessor2,FullProfessor2@Department14.University0.edu,xxx-xxx-xxxx,Research26
9601,http://www.Department3.University0.edu/FullProfessor0,FullProfessor0,FullProfessor0@Department3.University0.edu,xxx-xxx-xxxx,Research25
10708,http://www.Department4.University0.edu/FullProfessor3,FullProfessor3,FullProfessor3@Department4.University0.edu,xxx-xxx-xxxx,Research26
11800,http://www.Department5.University0.edu/FullProfessor8,FullProfessor8,FullProfessor8@Department5.University0.edu,xxx-xxx-xxxx,Research25
13855,http://www.Department7.University0.edu/FullProfessor0,FullProfessor0,FullProfessor0@Department7.University0.edu,xxx-xxx-xxxx,Research21
15066,http://www.Department8.University0.edu/FullProfessor5,FullProfessor5,FullProfessor5@Department8.University0.edu,xxx-xxx-xxxx,Research14
17180,http://www.Department0.University1.edu/FullProfessor1,FullProfessor1,FullProfessor1@Department0.University1.edu,xxx-xxx-xxxx,Research23
18158,http://www.Department1.University1.edu/FullProfessor6,FullProfessor6,FullProfessor6@Department1.University1.edu,xxx-xxx-xxxx,Research6
20376,http://www.Department11.University1.edu/FullProfessor0,FullProfessor0,FullProfessor0@Department11.University1.edu,xxx-xxx-xxxx,Research12
21218,http://www.Department12.University1.edu/FullProfessor5,FullProfessor5,FullProfessor5@Department12.University1.edu,xxx-xxx-xxxx,Research24
22444,http://www.Department13.University1.edu/FullProfessor7,FullProfessor7,FullProfessor7@Department13.University1.edu,xxx-xxx-xxxx,Research17
24697,http://www.Department15.University1.edu/FullProfessor2,FullProfessor2,FullProfessor2@Department15.University1.edu,xxx-xxx-xxxx,Research26
25910,http://www.Department16.University1.edu/FullProfessor7,FullProfessor7,FullProfessor7@Department16.University1.edu,xxx-xxx-xxxx,Research14
28209,http://www.Department18.University1.edu/FullProfessor1,FullProfessor1,FullProfessor1@Department18.University1.edu,xxx-xxx-xxxx,Research2
29269,http://www.Department2.University1.edu/FullProfessor4,FullProfessor4,FullProfessor4@Department2.University1.edu,xxx-xxx-xxxx,Research18
30376,http://www.Department3.University1.edu/FullProfessor7,FullProfessor7,FullProfessor7@Department3.University1.edu,xxx-xxx-xxxx,Research4
32618,http://www.Department5.University1.edu/FullProfessor3,FullProfessor3,FullProfessor3@Department5.University1.edu,xxx-xxx-xxxx,Research18
33876,http://www.Department6.University1.edu/FullProfessor6,FullProfessor6,FullProfessor6@Department6.University1.edu,xxx-xxx-xxxx,Research6
35066,http://www.Department7.University1.edu/FullProfessor8,FullProfessor8,FullProfessor8@Department7.University1.edu,xxx-xxx-xxxx,Research17
37177,http://www.Department9.University1.edu/FullProfessor2,FullProfessor2,FullProfessor2@Department9.University1.edu,xxx-xxx-xxxx,Research23
38359,http://www.Department0.University2.edu/FullProfessor5,FullProfessor5,FullProfessor5@Department0.University2.edu,xxx-xxx-xxxx,Research26
40456,http://www.Department10.University2.edu/FullProfessor0,FullProfessor0,FullProfessor0@Department10.University2.edu,xxx-xxx-xxxx,Research8
41440,http://www.Department11.University2.edu/FullProfessor4,FullProfessor4,FullProfessor4@Department11.University2.edu,xxx-xxx-xxxx,Research27
42596,http://www.Department12.University2.edu/FullProfessor8,FullProfessor8,FullProfessor8@Department12.University2.edu,xxx-xxx-xxxx,Research5
44883,http://www.Department14.University2.edu/FullProfessor1,FullProfessor1,FullProfessor1@Department14.University2.edu,xxx-xxx-xxxx,Research19
45952,http://www.Department15.University2.edu/FullProfessor5,FullProfessor5,FullProfessor5@Department15.University2.edu,xxx-xxx-xxxx,Research5
47819,http://www.Department3.University2.edu/FullProfessor3,FullProfessor3,FullProfessor3@Department3.University2.edu,xxx-xxx-xxxx,Research4
48871,http://www.Department4.University2.edu/FullProfessor6,FullProfessor6,FullProfessor6@Department4.University2.edu,xxx-xxx-xxxx,Research2
49933,http://www.Department5.University2.edu/FullProfessor9,FullProfessor9,FullProfessor9@Department5.University2.edu,xxx-xxx-xxxx,Research6
52172,http://www.Department7.University2.edu/FullProfessor3,FullProfessor3,FullProfessor3@Department7.University2.edu,xxx-xxx-xxxx,Research6
53270,http://www.Department8.University2.edu/FullProfessor5,FullProfessor5,FullProfessor5@Department8.University2.edu,xxx-xxx-xxxx,Research1
54550,http://www.Department9.University2.edu/FullProfessor7,FullProfessor7,FullProfessor7@Department9.University2.edu,xxx-xxx-xxxx,Research18
56756,http://www.Department1.University3.edu/FullProfessor2,FullProfessor2,FullProfessor2@Department1.University3.edu,xxx-xxx-xxxx,Research4
57889,http://www.Department10.University3.edu/FullProfessor6,FullProfessor6,FullProfessor6@Department10.University3.edu,xxx-xxx-xxxx,Research22
60014,http://www.Department12.University3.edu/FullProfessor2,FullProfessor2,FullProfessor2@Department12.University3.edu,xxx-xxx-xxxx,Research0
61290,http://www.Department13.University3.edu/FullProfessor6,FullProfessor6,FullProfessor6@Department13.University3.edu,xxx-xxx-xxxx,Research6
63320,http://www.Department15.University3.edu/FullProfessor1,FullProfessor1,FullProfessor1@Department15.University3.edu,xxx-xxx-xxxx,Research26
64296,http://www.Department16.University3.edu/FullProfessor6,FullProfessor6,FullProfessor6@Department16.University3.edu,xxx-xxx-xxxx,Research12
66641,http://www.Department18.University3.edu/FullProfessor0,FullProfessor0,FullProfessor0@Department18.University3.edu,xxx-xxx-xxxx,Research14
67700,http://www.Department19.University3.edu/FullProfessor2,FullProfessor2,FullProfessor2@Department19.University3.edu,xxx-xxx-xxxx,Research8
68761,http://www.Department2.University3.edu/FullProfessor4,FullProfessor4,FullProfessor4@Department2.University3.edu,xxx-xxx-xxxx,Research8
70654,http://www.Department3.University3.edu/FullProfessor1,FullProfessor1,FullProfessor1@Department3.University3.edu,xxx-xxx-xxxx,Research24
71667,http://www.Department4.University3.edu/FullProfessor3,FullProfessor3,FullProfessor3@Department4.University3.edu,xxx-xxx-xxxx,Research4
72847,http://www.Department5.University3.edu/FullProfessor5,FullProfessor5,FullProfessor5@Department5.University3.edu,xxx-xxx-xxxx,Research24
75045,http://www.Department7.University3.edu/FullProfessor0,FullProfessor0,FullProfessor0@Department7.University3.edu,xxx-xxx-xxxx,Research23
76297,http://www.Department8.University3.edu/FullProfessor2,FullProfessor2,FullProfessor2@Department8.University3.edu,xxx-xxx-xxxx,Research25
77557,http://www.Department9.University3.edu/FullProfessor4,FullProfessor4,FullProfessor4@Department9.University3.edu,xxx-xxx-xxxx,Research18
30,http://www.Department0.University0.edu/FullProfessor4,FullProfessor4,FullProfessor4@Department0.University0.edu,xxx-xxx-xxxx,Research7
1595,http://www.Department1.University0.edu/FullProfessor6,FullProfessor6,FullProfessor6@Department1.University0.edu,xxx-xxx-xxxx,Research1
4006,http://www.Department11.University0.edu/FullProfessor1,FullProfessor1,FullProfessor1@Department11.University0.edu,xxx-xxx-xxxx,Research21
5282,http://www.Department12.University0.edu/FullProfessor5,FullProfessor5,FullProfessor5@Department12.University0.edu,xxx-xxx-xxxx,Research23
7624,http://www.Department14.University0.edu/FullProfessor0,FullProfessor0,FullProfessor0@Department14.University0.edu,xxx-xxx-xxxx,Research29
8570,http://www.Department2.University0.edu/FullProfessor5,FullProfessor5,FullProfessor5@Department2.University0.edu,xxx-xxx-xxxx,Research26
10700,http://www.Department4.University0.edu/FullProfessor1,FullProfessor1,FullProfessor1@Department4.University0.edu,xxx-xxx-xxxx,Research13
11792,http://www.Department5.University0.edu/FullProfessor6,FullProfessor6,FullProfessor6@Department5.University0.edu,xxx-xxx-xxxx,Research22
12939,http://www.Department6.University0.edu/FullProfessor8,FullProfessor8,FullProfessor8@Department6.University0.edu,xxx-xxx-xxxx,Research19
15056,http://www.Department8.University0.edu/FullProfessor3,FullProfessor3,FullProfessor3@Department8.University0.edu,xxx-xxx-xxxx,Research1
16249,http://www.Department9.University0.edu/FullProfessor6,FullProfessor6,FullProfessor6@Department9.University0.edu,xxx-xxx-xxxx,Research25
18150,http://www.Department1.University1.edu/FullProfessor4,FullProfessor4,FullProfessor4@Department1.University1.edu,xxx-xxx-xxxx,Research15
19333,http://www.Department10.University1.edu/FullProfessor8,FullProfessor8,FullProfessor8@Department10.University1.edu,xxx-xxx-xxxx,Research8
21211,http://www.Department12.University1.edu/FullProfessor3,FullProfessor3,FullProfessor3@Department12.University1.edu,xxx-xxx-xxxx,Research1
22436,http://www.Department13.University1.edu/FullProfessor5,FullProfessor5,FullProfessor5@Department13.University1.edu,xxx-xxx-xxxx,Research4
24689,http://www.Department15.University1.edu/FullProfessor0,FullProfessor0,FullProfessor0@Department15.University1.edu,xxx-xxx-xxxx,Research29
25901,http://www.Department16.University1.edu/FullProfessor5,FullProfessor5,FullProfessor5@Department16.University1.edu,xxx-xxx-xxxx,Research12
27143,http://www.Department17.University1.edu/FullProfessor7,FullProfessor7,FullProfessor7@Department17.University1.edu,xxx-xxx-xxxx,Research7
29260,http://www.Department2.University1.edu/FullProfessor2,FullProfessor2,FullProfessor2@Department2.University1.edu,xxx-xxx-xxxx,Research10
30368,http://www.Department3.University1.edu/FullProfessor5,FullProfessor5,FullProfessor5@Department3.University1.edu,xxx-xxx-xxxx,Research29
32608,http://www.Department5.University1.edu/FullProfessor1,FullProfessor1,FullProfessor1@Department5.University1.edu,xxx-xxx-xxxx,Research21
33867,http://www.Department6.University1.edu/FullProfessor4,FullProfessor4,FullProfessor4@Department6.University1.edu,xxx-xxx-xxxx,Research6
35058,http://www.Department7.University1.edu/FullProfessor6,FullProfessor6,FullProfessor6@Department7.University1.edu,xxx-xxx-xxxx,Research27
37169,http://www.Department9.University1.edu/FullProfessor0,FullProfessor0,FullProfessor0@Department9.University1.edu,xxx-xxx-xxxx,Research3
38350,http://www.Department0.University2.edu/FullProfessor3,FullProfessor3,FullProfessor3@Department0.University2.edu,xxx-xxx-xxxx,Research29
39340,http://www.Department1.University2.edu/FullProfessor7,FullProfessor7,FullProfessor7@Department1.University2.edu,xxx-xxx-xxxx,Research8
41432,http://www.Department11.University2.edu/FullProfessor2,FullProfessor2,FullProfessor2@Department11.University2.edu,xxx-xxx-xxxx,Research13
42587,http://www.Department12.University2.edu/FullProfessor6,FullProfessor6,FullProfessor6@Department12.University2.edu,xxx-xxx-xxxx,Research9
43787,http://www.Department13.University2.edu/FullProfessor9,FullProfessor9,FullProfessor9@Department13.University2.edu,xxx-xxx-xxxx,Research27
45945,http://www.Department15.University2.edu/FullProfessor3,FullProfessor3,FullProfessor3@Department15.University2.edu,xxx-xxx-xxxx,Research1
47810,http://www.Department3.University2.edu/FullProfessor1,FullProfessor1,FullProfessor1@Department3.University2.edu,xxx-xxx-xxxx,Research20
48863,http://www.Department4.University2.edu/FullProfessor4,FullProfessor4,FullProfessor4@Department4.University2.edu,xxx-xxx-xxxx,Research1
49926,http://www.Department5.University2.edu/FullProfessor7,FullProfessor7,FullProfessor7@Department5.University2.edu,xxx-xxx-xxxx,Research27
52165,http://www.Department7.University2.edu/FullProfessor1,FullProfessor1,FullProfessor1@Department7.University2.edu,xxx-xxx-xxxx,Research24
53263,http://www.Department8.University2.edu/FullProfessor3,FullProfessor3,FullProfessor3@Department8.University2.edu,xxx-xxx-xxxx,Research9
54542,http://www.Department9.University2.edu/FullProfessor5,FullProfessor5,FullProfessor5@Department9.University2.edu,xxx-xxx-xxxx,Research23
56746,http://www.Department1.University3.edu/FullProfessor0,FullProfessor0,FullProfessor0@Department1.University3.edu,xxx-xxx-xxxx,Research28
57880,http://www.Department10.University3.edu/FullProfessor4,FullProfessor4,FullProfessor4@Department10.University3.edu,xxx-xxx-xxxx,Research27
60006,http://www.Department12.University3.edu/FullProfessor0,FullProfessor0,FullProfessor0@Department12.University3.edu,xxx-xxx-xxxx,Research1
61283,http://www.Department13.University3.edu/FullProfessor4,FullProfessor4,FullProfessor4@Department13.University3.edu,xxx-xxx-xxxx,Research6
62437,http://www.Department14.University3.edu/FullProfessor6,FullProfessor6,FullProfessor6@Department14.University3.edu,xxx-xxx-xxxx,Research7
64288,http://www.Department16.University3.edu/FullProfessor4,FullProfessor4,FullProfessor4@Department16.University3.edu,xxx-xxx-xxxx,Research20
65495,http://www.Department17.University3.edu/FullProfessor7,FullProfessor7,FullProfessor7@Department17.University3.edu,xxx-xxx-xxxx,Research4
67691,http://www.Department19.University3.edu/FullProfessor0,FullProfessor0,FullProfessor0@Department19.University3.edu,xxx-xxx-xxxx,Research28
68754,http://www.Department2.University3.edu/FullProfessor2,FullProfessor2,FullProfessor2@Department2.University3.edu,xxx-xxx-xxxx,Research11
69639,http://www.Department20.University3.edu/FullProfessor7,FullProfessor7,FullProfessor7@Department20.University3.edu,xxx-xxx-xxxx,Research27
71660,http://www.Department4.University3.edu/FullProfessor1,FullProfessor1,FullProfessor1@Department4.University3.edu,xxx-xxx-xxxx,Research5
72838,http://www.Department5.University3.edu/FullProfessor3,FullProfessor3,FullProfessor3@Department5.University3.edu,xxx-xxx-xxxx,Research24
73990,http://www.Department6.University3.edu/FullProfessor7,FullProfessor7,FullProfessor7@Department6.University3.edu,xxx-xxx-xxxx,Research18
76288,http://www.Department8.University3.edu/FullProfessor0,FullProfessor0,FullProfessor0@Department8.University3.edu,xxx-xxx-xxxx,Research20
77548,http://www.Department9.University3.edu/FullProfessor2,FullProfessor2,FullProfessor2@Department9.University3.edu,xxx-xxx-xxxx,Research8
51,http://www.Department0.University0.edu/FullProfessor7,FullProfessor7,FullProfessor7@Department0.University0.edu,xxx-xxx-xxxx,Research3
1611,http://www.Department1.University0.edu/FullProfessor9,FullProfessor9,FullProfessor9@Department1.University0.edu,xxx-xxx-xxxx,Research5
4020,http://www.Department11.University0.edu/FullProfessor4,FullProfessor4,FullProfessor4@Department11.University0.edu,xxx-xxx-xxxx,Research8
5300,http://www.Department12.University0.edu/FullProfessor8,FullProfessor8,FullProfessor8@Department12.University0.edu,xxx-xxx-xxxx,Research14
7634,http://www.Department14.University0.edu/FullProfessor3,FullProfessor3,FullProfessor3@Department14.University0.edu,xxx-xxx-xxxx,Research14
9604,http://www.Department3.University0.edu/FullProfessor1,FullProfessor1,FullProfessor1@Department3.University0.edu,xxx-xxx-xxxx,Research11
10712,http://www.Department4.University0.edu/FullProfessor4,FullProfessor4,FullProfessor4@Department4.University0.edu,xxx-xxx-xxxx,Research0
11804,http://www.Department5.University0.edu/FullProfessor9,FullProfessor9,FullProfessor9@Department5.University0.edu,xxx-xxx-xxxx,Research13
13859,http://www.Department7.University0.edu/FullProfessor1,FullProfessor1,FullProfessor1@Department7.University0.edu,xxx-xxx-xxxx,Research13
15071,http://www.Department8.University0.edu/FullProfessor6,FullProfessor6,FullProfessor6@Department8.University0.edu,xxx-xxx-xxxx,Research2
17183,http://www.Department0.University1.edu/FullProfessor2,FullProfessor2,FullProfessor2@Department0.University1.edu,xxx-xxx-xxxx,Research15
18161,http://www.Department1.University1.edu/FullProfessor7,FullProfessor7,FullProfessor7@Department1.University1.edu,xxx-xxx-xxxx,Research21
20380,http://www.Department11.University1.edu/FullProfessor1,FullProfessor1,FullProfessor1@Department11.University1.edu,xxx-xxx-xxxx,Research28
21222,http://www.Department12.University1.edu/FullProfessor6,FullProfessor6,FullProfessor6@Department12.University1.edu,xxx-xxx-xxxx,Research25
22447,http://www.Department13.University1.edu/FullProfessor8,FullProfessor8,FullProfessor8@Department13.University1.edu,xxx-xxx-xxxx,Research22
24702,http://www.Department15.University1.edu/FullProfessor3,FullProfessor3,FullProfessor3@Department15.University1.edu,xxx-xxx-xxxx,Research15
25914,http://www.Department16.University1.edu/FullProfessor8,FullProfessor8,FullProfessor8@Department16.University1.edu,xxx-xxx-xxxx,Research8
28213,http://www.Department18.University1.edu/FullProfessor2,FullProfessor2,FullProfessor2@Department18.University1.edu,xxx-xxx-xxxx,Research17
29272,http://www.Department2.University1.edu/FullProfessor5,FullProfessor5,FullProfessor5@Department2.University1.edu,xxx-xxx-xxxx,Research11
30380,http://www.Department3.University1.edu/FullProfessor8,FullProfessor8,FullProfessor8@Department3.University1.edu,xxx-xxx-xxxx,Research5
32622,http://www.Department5.University1.edu/FullProfessor4,FullProfessor4,FullProfessor4@Department5.University1.edu,xxx-xxx-xxxx,Research11
33880,http://www.Department6.University1.edu/FullProfessor7,FullProfessor7,FullProfessor7@Department6.University1.edu,xxx-xxx-xxxx,Research8
35070,http://www.Department7.University1.edu/FullProfessor9,FullProfessor9,FullProfessor9@Department7.University1.edu,xxx-xxx-xxxx,Research26
37181,http://www.Department9.University1.edu/FullProfessor3,FullProfessor3,FullProfessor3@Department9.University1.edu,xxx-xxx-xxxx,Research4
38363,http://www.Department0.University2.edu/FullProfessor6,FullProfessor6,FullProfessor6@Department0.University2.edu,xxx-xxx-xxxx,Research13
40461,http://www.Department10.University2.edu/FullProfessor1,FullProfessor1,FullProfessor1@Department10.University2.edu,xxx-xxx-xxxx,Research21
41444,http://www.Department11.University2.edu/FullProfessor5,FullProfessor5,FullProfessor5@Department11.University2.edu,xxx-xxx-xxxx,Research19
43751,http://www.Department13.University2.edu/FullProfessor0,FullProfessor0,FullProfessor0@Department13.University2.edu,xxx-xxx-xxxx,Research5
44887,http://www.Department14.University2.edu/FullProfessor2,FullProfessor2,FullProfessor2@Department14.University2.edu,xxx-xxx-xxxx,Research2
45956,http://www.Department15.University2.edu/FullProfessor6,FullProfessor6,FullProfessor6@Department15.University2.edu,xxx-xxx-xxxx,Research6
47824,http://www.Department3.University2.edu/FullProfessor4,FullProfessor4,FullProfessor4@Department3.University2.edu,xxx-xxx-xxxx,Research28
48876,http://www.Department4.University2.edu/FullProfessor7,FullProfessor7,FullProfessor7@Department4.University2.edu,xxx-xxx-xxxx,Research1
51063,http://www.Department6.University2.edu/FullProfessor0,FullProfessor0,FullProfessor0@Department6.University2.edu,xxx-xxx-xxxx,Research15
52175,http://www.Department7.University2.edu/FullProfessor4,FullProfessor4,FullProfessor4@Department7.University2.edu,xxx-xxx-xxxx,Research13
53274,http://www.Department8.University2.edu/FullProfessor6,FullProfessor6,FullProfessor6@Department8.University2.edu,xxx-xxx-xxxx,Research17
55667,http://www.Department0.University3.edu/FullProfessor0,FullProfessor0,FullProfessor0@Department0.University3.edu,xxx-xxx-xxxx,Research16
56760,http://www.Department1.University3.edu/FullProfessor3,FullProfessor3,FullProfessor3@Department1.University3.edu,xxx-xxx-xxxx,Research22
58821,http://www.Department11.University3.edu/FullProfessor0,FullProfessor0,FullProfessor0@Department11.University3.edu,xxx-xxx-xxxx,Research16
60019,http://www.Department12.University3.edu/FullProfessor3,FullProfessor3,FullProfessor3@Department12.University3.edu,xxx-xxx-xxxx,Research15
61293,http://www.Department13.University3.edu/FullProfessor7,FullProfessor7,FullProfessor7@Department13.University3.edu,xxx-xxx-xxxx,Research0
63324,http://www.Department15.University3.edu/FullProfessor2,FullProfessor2,FullProfessor2@Department15.University3.edu,xxx-xxx-xxxx,Research14
64300,http://www.Department16.University3.edu/FullProfessor7,FullProfessor7,FullProfessor7@Department16.University3.edu,xxx-xxx-xxxx,Research8
66646,http://www.Department18.University3.edu/FullProfessor1,FullProfessor1,FullProfessor1@Department18.University3.edu,xxx-xxx-xxxx,Research25
67704,http://www.Department19.University3.edu/FullProfessor3,FullProfessor3,FullProfessor3@Department19.University3.edu,xxx-xxx-xxxx,Research24
68765,http://www.Department2.University3.edu/FullProfessor5,FullProfessor5,FullProfessor5@Department2.University3.edu,xxx-xxx-xxxx,Research24
70658,http://www.Department3.University3.edu/FullProfessor2,FullProfessor2,FullProfessor2@Department3.University3.edu,xxx-xxx-xxxx,Research13
71670,http://www.Department4.University3.edu/FullProfessor4,FullProfessor4,FullProfessor4@Department4.University3.edu,xxx-xxx-xxxx,Research11
72851,http://www.Department5.University3.edu/FullProfessor6,FullProfessor6,FullProfessor6@Department5.University3.edu,xxx-xxx-xxxx,Research24
75049,http://www.Department7.University3.edu/FullProfessor1,FullProfessor1,FullProfessor1@Department7.University3.edu,xxx-xxx-xxxx,Research16
76301,http://www.Department8.University3.edu/FullProfessor3,FullProfessor3,FullProfessor3@Department8.University3.edu,xxx-xxx-xxxx,Research10
77561,http://www.Department9.University3.edu/FullProfessor5,FullProfessor5,FullProfessor5@Department9.University3.edu,xxx-xxx-xxxx,Research11
15,http://www.Department0.University0.edu/FullProfessor2,FullProfessor2,FullProfessor2@Department0.University0.edu,xxx-xxx-xxxx,Research28
1581,http://www.Department1.University0.edu/FullProfessor4,FullProfessor4,FullProfessor4@Department1.University0.edu,xxx-xxx-xxxx,Research16
2794,http://www.Department10.University0.edu/FullProfessor6,FullProfessor6,FullProfessor6@Department10.University0.edu,xxx-xxx-xxxx,Research20
5268,http://www.Department12.University0.edu/FullProfessor3,FullProfessor3,FullProfessor3@Department12.University0.edu,xxx-xxx-xxxx,Research24
6398,http://www.Department13.University0.edu/FullProfessor6,FullProfessor6,FullProfessor6@Department13.University0.edu,xxx-xxx-xxxx,Research23
8563,http://www.Department2.University0.edu/FullProfessor3,FullProfessor3,FullProfessor3@Department2.University0.edu,xxx-xxx-xxxx,Research6
9633,http://www.Department3.University0.edu/FullProfessor8,FullProfessor8,FullProfessor8@Department3.University0.edu,xxx-xxx-xxxx,Research27
11784,http://www.Department5.University0.edu/FullProfessor4,FullProfessor4,FullProfessor4@Department5.University0.edu,xxx-xxx-xxxx,Research29
12931,http://www.Department6.University0.edu/FullProfessor6,FullProfessor6,FullProfessor6@Department6.University0.edu,xxx-xxx-xxxx,Research23
15047,http://www.Department8.University0.edu/FullProfessor1,FullProfessor1,FullProfessor1@Department8.University0.edu,xxx-xxx-xxxx,Research0
16240,http://www.Department9.University0.edu/FullProfessor4,FullProfessor4,FullProfessor4@Department9.University0.edu,xxx-xxx-xxxx,Research6
18141,http://www.Department1.University1.edu/FullProfessor2,FullProfessor2,FullProfessor2@Department1.University1.edu,xxx-xxx-xxxx,Research2
19325,http://www.Department10.University1.edu/FullProfessor6,FullProfessor6,FullProfessor6@Department10.University1.edu,xxx-xxx-xxxx,Research19
21201,http://www.Department12.University1.edu/FullProfessor1,FullProfessor1,FullProfessor1@Department12.University1.edu,xxx-xxx-xxxx,Research6
22428,http://www.Department13.University1.edu/FullProfessor3,FullProfessor3,FullProfessor3@Department13.University1.edu,xxx-xxx-xxxx,Research22
23652,http://www.Department14.University1.edu/FullProfessor5,FullProfessor5,FullProfessor5@Department14.University1.edu,xxx-xxx-xxxx,Research18
25892,http://www.Department16.University1.edu/FullProfessor3,FullProfessor3,FullProfessor3@Department16.University1.edu,xxx-xxx-xxxx,Research20
27136,http://www.Department17.University1.edu/FullProfessor5,FullProfessor5,FullProfessor5@Department17.University1.edu,xxx-xxx-xxxx,Research27
29253,http://www.Department2.University1.edu/FullProfessor0,FullProfessor0,FullProfessor0@Department2.University1.edu,xxx-xxx-xxxx,Research15
30359,http://www.Department3.University1.edu/FullProfessor3,FullProfessor3,FullProfessor3@Department3.University1.edu,xxx-xxx-xxxx,Research0
31632,http://www.Department4.University1.edu/FullProfessor6,FullProfessor6,FullProfessor6@Department4.University1.edu,xxx-xxx-xxxx,Research13
33858,http://www.Department6.University1.edu/FullProfessor2,FullProfessor2,FullProfessor2@Department6.University1.edu,xxx-xxx-xxxx,Research22
35049,http://www.Department7.University1.edu/FullProfessor4,FullProfessor4,FullProfessor4@Department7.University1.edu,xxx-xxx-xxxx,Research26
36254,http://www.Department8.University1.edu/FullProfessor6,FullProfessor6,FullProfessor6@Department8.University1.edu,xxx-xxx-xxxx,Research9
38341,http://www.Department0.University2.edu/FullProfessor1,FullProfessor1,FullProfessor1@Department0.University2.edu,xxx-xxx-xxxx,Research22
39333,http://www.Department1.University2.edu/FullProfessor5,FullProfessor5,FullProfessor5@Department1.University2.edu,xxx-xxx-xxxx,Research10
41424,http://www.Department11.University2.edu/FullProfessor0,FullProfessor0,FullProfessor0@Department11.University2.edu,xxx-xxx-xxxx,Research8
42579,http://www.Department12.University2.edu/FullProfessor4,FullProfessor4,FullProfessor4@Department12.University2.edu,xxx-xxx-xxxx,Research2
43780,http://www.Department13.University2.edu/FullProfessor7,FullProfessor7,FullProfessor7@Department13.University2.edu,xxx-xxx-xxxx,Research16
45937,http://www.Department15.University2.edu/FullProfessor1,FullProfessor1,FullProfessor1@Department15.University2.edu,xxx-xxx-xxxx,Research16
46847,http://www.Department2.University2.edu/FullProfessor6,FullProfessor6,FullProfessor6@Department2.University2.edu,xxx-xxx-xxxx,Research1
48855,http://www.Department4.University2.edu/FullProfessor2,FullProfessor2,FullProfessor2@Department4.University2.edu,xxx-xxx-xxxx,Research29
49918,http://www.Department5.University2.edu/FullProfessor5,FullProfessor5,FullProfessor5@Department5.University2.edu,xxx-xxx-xxxx,Research12
51091,http://www.Department6.University2.edu/FullProfessor7,FullProfessor7,FullProfessor7@Department6.University2.edu,xxx-xxx-xxxx,Research7
53255,http://www.Department8.University2.edu/FullProfessor1,FullProfessor1,FullProfessor1@Department8.University2.edu,xxx-xxx-xxxx,Research24
54534,http://www.Department9.University2.edu/FullProfessor3,FullProfessor3,FullProfessor3@Department9.University2.edu,xxx-xxx-xxxx,Research23
55692,http://www.Department0.University3.edu/FullProfessor7,FullProfessor7,FullProfessor7@Department0.University3.edu,xxx-xxx-xxxx,Research20
57872,http://www.Department10.University3.edu/FullProfessor2,FullProfessor2,FullProfessor2@Department10.University3.edu,xxx-xxx-xxxx,Research22
58850,http://www.Department11.University3.edu/FullProfessor7,FullProfessor7,FullProfessor7@Department11.University3.edu,xxx-xxx-xxxx,Research14
61276,http://www.Department13.University3.edu/FullProfessor2,FullProfessor2,FullProfessor2@Department13.University3.edu,xxx-xxx-xxxx,Research16
62428,http://www.Department14.University3.edu/FullProfessor4,FullProfessor4,FullProfessor4@Department14.University3.edu,xxx-xxx-xxxx,Research9
64280,http://www.Department16.University3.edu/FullProfessor2,FullProfessor2,FullProfessor2@Department16.University3.edu,xxx-xxx-xxxx,Research4
65486,http://www.Department17.University3.edu/FullProfessor5,FullProfessor5,FullProfessor5@Department17.University3.edu,xxx-xxx-xxxx,Research1
66674,http://www.Department18.University3.edu/FullProfessor8,FullProfessor8,FullProfessor8@Department18.University3.edu,xxx-xxx-xxxx,Research9
68746,http://www.Department2.University3.edu/FullProfessor0,FullProfessor0,FullProfessor0@Department2.University3.edu,xxx-xxx-xxxx,Research27
69629,http://www.Department20.University3.edu/FullProfessor5,FullProfessor5,FullProfessor5@Department20.University3.edu,xxx-xxx-xxxx,Research22
70685,http://www.Department3.University3.edu/FullProfessor9,FullProfessor9,FullProfessor9@Department3.University3.edu,xxx-xxx-xxxx,Research16
72832,http://www.Department5.University3.edu/FullProfessor1,FullProfessor1,FullProfessor1@Department5.University3.edu,xxx-xxx-xxxx,Research15
73981,http://www.Department6.University3.edu/FullProfessor5,FullProfessor5,FullProfessor5@Department6.University3.edu,xxx-xxx-xxxx,Research22
75076,http://www.Department7.University3.edu/FullProfessor8,FullProfessor8,FullProfessor8@Department7.University3.edu,xxx-xxx-xxxx,Research19
77540,http://www.Department9.University3.edu/FullProfessor0,FullProfessor0,FullProfessor0@Department9.University3.edu,xxx-xxx-xxxx,Research15
58,http://www.Department0.University0.edu/FullProfessor8,FullProfessor8,FullProfessor8@Department0.University0.edu,xxx-xxx-xxxx,Research26
2756,http://www.Department10.University0.edu/FullProfessor0,FullProfessor0,FullProfessor0@Department10.University0.edu,xxx-xxx-xxxx,Research13
4026,http://www.Department11.University0.edu/FullProfessor5,FullProfessor5,FullProfessor5@Department11.University0.edu,xxx-xxx-xxxx,Research17
6370,http://www.Department13.University0.edu/FullProfessor0,FullProfessor0,FullProfessor0@Department13.University0.edu,xxx-xxx-xxxx,Research28
7638,http://www.Department14.University0.edu/FullProfessor4,FullProfessor4,FullProfessor4@Department14.University0.edu,xxx-xxx-xxxx,Research25
9608,http://www.Department3.University0.edu/FullProfessor2,FullProfessor2,FullProfessor2@Department3.University0.edu,xxx-xxx-xxxx,Research24
10716,http://www.Department4.University0.edu/FullProfessor5,FullProfessor5,FullProfessor5@Department4.University0.edu,xxx-xxx-xxxx,Research10
12904,http://www.Department6.University0.edu/FullProfessor0,FullProfessor0,FullProfessor0@Department6.University0.edu,xxx-xxx-xxxx,Research15
13862,http://www.Department7.University0.edu/FullProfessor2,FullProfessor2,FullProfessor2@Department7.University0.edu,xxx-xxx-xxxx,Research19
15076,http://www.Department8.University0.edu/FullProfessor7,FullProfessor7,FullProfessor7@Department8.University0.edu,xxx-xxx-xxxx,Research29
17188,http://www.Department0.University1.edu/FullProfessor3,FullProfessor3,FullProfessor3@Department0.University1.edu,xxx-xxx-xxxx,Research10
19300,http://www.Department10.University1.edu/FullProfessor0,FullProfessor0,FullProfessor0@Department10.University1.edu,xxx-xxx-xxxx,Research11
20385,http://www.Department11.University1.edu/FullProfessor2,FullProfessor2,FullProfessor2@Department11.University1.edu,xxx-xxx-xxxx,Research7
21225,http://www.Department12.University1.edu/FullProfessor7,FullProfessor7,FullProfessor7@Department12.University1.edu,xxx-xxx-xxxx,Research4
22450,http://www.Department13.University1.edu/FullProfessor9,FullProfessor9,FullProfessor9@Department13.University1.edu,xxx-xxx-xxxx,Research2
24706,http://www.Department15.University1.edu/FullProfessor4,FullProfessor4,FullProfessor4@Department15.University1.edu,xxx-xxx-xxxx,Research16
25918,http://www.Department16.University1.edu/FullProfessor9,FullProfessor9,FullProfessor9@Department16.University1.edu,xxx-xxx-xxxx,Research17
28217,http://www.Department18.University1.edu/FullProfessor3,FullProfessor3,FullProfessor3@Department18.University1.edu,xxx-xxx-xxxx,Research25
29276,http://www.Department2.University1.edu/FullProfessor6,FullProfessor6,FullProfessor6@Department2.University1.edu,xxx-xxx-xxxx,Research15
31610,http://www.Department4.University1.edu/FullProfessor0,FullProfessor0,FullProfessor0@Department4.University1.edu,xxx-xxx-xxxx,Research3
32626,http://www.Department5.University1.edu/FullProfessor5,FullProfessor5,FullProfessor5@Department5.University1.edu,xxx-xxx-xxxx,Research4
33885,http://www.Department6.University1.edu/FullProfessor8,FullProfessor8,FullProfessor8@Department6.University1.edu,xxx-xxx-xxxx,Research8
36230,http://www.Department8.University1.edu/FullProfessor0,FullProfessor0,FullProfessor0@Department8.University1.edu,xxx-xxx-xxxx,Research15
37184,http://www.Department9.University1.edu/FullProfessor4,FullProfessor4,FullProfessor4@Department9.University1.edu,xxx-xxx-xxxx,Research16
38367,http://www.Department0.University2.edu/FullProfessor7,FullProfessor7,FullProfessor7@Department0.University2.edu,xxx-xxx-xxxx,Research25
40465,http://www.Department10.University2.edu/FullProfessor2,FullProfessor2,FullProfessor2@Department10.University2.edu,xxx-xxx-xxxx,Research24
41448,http://www.Department11.University2.edu/FullProfessor6,FullProfessor6,FullProfessor6@Department11.University2.edu,xxx-xxx-xxxx,Research0
43755,http://www.Department13.University2.edu/FullProfessor1,FullProfessor1,FullProfessor1@Department13.University2.edu,xxx-xxx-xxxx,Research5
44892,http://www.Department14.University2.edu/FullProfessor3,FullProfessor3,FullProfessor3@Department14.University2.edu,xxx-xxx-xxxx,Research3
46824,http://www.Department2.University2.edu/FullProfessor0,FullProfessor0,FullProfessor0@Department2.University2.edu,xxx-xxx-xxxx,Research28
47828,http://www.Department3.University2.edu/FullProfessor5,FullProfessor5,FullProfessor5@Department3.University2.edu,xxx-xxx-xxxx,Research14
48880,http://www.Department4.University2.edu/FullProfessor8,FullProfessor8,FullProfessor8@Department4.University2.edu,xxx-xxx-xxxx,Research14
51067,http://www.Department6.University2.edu/FullProfessor1,FullProfessor1,FullProfessor1@Department6.University2.edu,xxx-xxx-xxxx,Research3
52179,http://www.Department7.University2.edu/FullProfessor5,FullProfessor5,FullProfessor5@Department7.University2.edu,xxx-xxx-xxxx,Research16
53278,http://www.Department8.University2.edu/FullProfessor7,FullProfessor7,FullProfessor7@Department8.University2.edu,xxx-xxx-xxxx,Research11
55670,http://www.Department0.University3.edu/FullProfessor1,FullProfessor1,FullProfessor1@Department0.University3.edu,xxx-xxx-xxxx,Research26
56763,http://www.Department1.University3.edu/FullProfessor4,FullProfessor4,FullProfessor4@Department1.University3.edu,xxx-xxx-xxxx,Research13
58825,http://www.Department11.University3.edu/FullProfessor1,FullProfessor1,FullProfessor1@Department11.University3.edu,xxx-xxx-xxxx,Research9
60024,http://www.Department12.University3.edu/FullProfessor4,FullProfessor4,FullProfessor4@Department12.University3.edu,xxx-xxx-xxxx,Research12
61297,http://www.Department13.University3.edu/FullProfessor8,FullProfessor8,FullProfessor8@Department13.University3.edu,xxx-xxx-xxxx,Research14
63329,http://www.Department15.University3.edu/FullProfessor3,FullProfessor3,FullProfessor3@Department15.University3.edu,xxx-xxx-xxxx,Research4
64305,http://www.Department16.University3.edu/FullProfessor8,FullProfessor8,FullProfessor8@Department16.University3.edu,xxx-xxx-xxxx,Research15
66650,http://www.Department18.University3.edu/FullProfessor2,FullProfessor2,FullProfessor2@Department18.University3.edu,xxx-xxx-xxxx,Research4
67708,http://www.Department19.University3.edu/FullProfessor4,FullProfessor4,FullProfessor4@Department19.University3.edu,xxx-xxx-xxxx,Research12
68769,http://www.Department2.University3.edu/FullProfessor6,FullProfessor6,FullProfessor6@Department2.University3.edu,xxx-xxx-xxxx,Research9
70661,http://www.Department3.University3.edu/FullProfessor3,FullProfessor3,FullProfessor3@Department3.University3.edu,xxx-xxx-xxxx,Research1
71673,http://www.Department4.University3.edu/FullProfessor5,FullProfessor5,FullProfessor5@Department4.University3.edu,xxx-xxx-xxxx,Research23
72855,http://www.Department5.University3.edu/FullProfessor7,FullProfessor7,FullProfessor7@Department5.University3.edu,xxx-xxx-xxxx,Research29
75052,http://www.Department7.University3.edu/FullProfessor2,FullProfessor2,FullProfessor2@Department7.University3.edu,xxx-xxx-xxxx,Research3
76306,http://www.Department8.University3.edu/FullProfessor4,FullProfessor4,FullProfessor4@Department8.University3.edu,xxx-xxx-xxxx,Research12
77565,http://www.Department9.University3.edu/FullProfessor6,FullProfessor6,FullProfessor6@Department9.University3.edu,xxx-xxx-xxxx,Research28
37,http://www.Department0.University0.edu/FullProfessor5,FullProfessor5,FullProfessor5@Department0.University0.edu,xxx-xxx-xxxx,Research18
1601,http://www.Department1.University0.edu/FullProfessor7,FullProfessor7,FullProfessor7@Department1.University0.edu,xxx-xxx-xxxx,Research29
4010,http://www.Department11.University0.edu/FullProfessor2,FullProfessor2,FullProfessor2@Department11.University0.edu,xxx-xxx-xxxx,Research7
5289,http://www.Department12.University0.edu/FullProfessor6,FullProfessor6,FullProfessor6@Department12.University0.edu,xxx-xxx-xxxx,Research12
7627,http://www.Department14.University0.edu/FullProfessor1,FullProfessor1,FullProfessor1@Department14.University0.edu,xxx-xxx-xxxx,Research11
8576,http://www.Department2.University0.edu/FullProfessor6,FullProfessor6,FullProfessor6@Department2.University0.edu,xxx-xxx-xxxx,Research25
10704,http://www.Department4.University0.edu/FullProfessor2,FullProfessor2,FullProfessor2@Department4.University0.edu,xxx-xxx-xxxx,Research1
11796,http://www.Department5.University0.edu/FullProfessor7,FullProfessor7,FullProfessor7@Department5.University0.edu,xxx-xxx-xxxx,Research1
12943,http://www.Department6.University0.edu/FullProfessor9,FullProfessor9,FullProfessor9@Department6.University0.edu,xxx-xxx-xxxx,Research22
15061,http://www.Department8.University0.edu/FullProfessor4,FullProfessor4,FullProfessor4@Department8.University0.edu,xxx-xxx-xxxx,Research24
17177,http://www.Department0.University1.edu/FullProfessor0,FullProfessor0,FullProfessor0@Department0.University1.edu,xxx-xxx-xxxx,Research6
18153,http://www.Department1.University1.edu/FullProfessor5,FullProfessor5,FullProfessor5@Department1.University1.edu,xxx-xxx-xxxx,Research11
19338,http://www.Department10.University1.edu/FullProfessor9,FullProfessor9,FullProfessor9@Department10.University1.edu,xxx-xxx-xxxx,Research24
21214,http://www.Department12.University1.edu/FullProfessor4,FullProfessor4,FullProfessor4@Department12.University1.edu,xxx-xxx-xxxx,Research24
22440,http://www.Department13.University1.edu/FullProfessor6,FullProfessor6,FullProfessor6@Department13.University1.edu,xxx-xxx-xxxx,Research1
24692,http://www.Department15.University1.edu/FullProfessor1,FullProfessor1,FullProfessor1@Department15.University1.edu,xxx-xxx-xxxx,Research19
25906,http://www.Department16.University1.edu/FullProfessor6,FullProfessor6,FullProfessor6@Department16.University1.edu,xxx-xxx-xxxx,Research0
28205,http://www.Department18.University1.edu/FullProfessor0,FullProfessor0,FullProfessor0@Department18.University1.edu,xxx-xxx-xxxx,Research29
29265,http://www.Department2.University1.edu/FullProfessor3,FullProfessor3,FullProfessor3@Department2.University1.edu,xxx-xxx-xxxx,Research20
30373,http://www.Department3.University1.edu/FullProfessor6,FullProfessor6,FullProfessor6@Department3.University1.edu,xxx-xxx-xxxx,Research20
32613,http://www.Department5.University1.edu/FullProfessor2,FullProfessor2,FullProfessor2@Department5.University1.edu,xxx-xxx-xxxx,Research16
33871,http://www.Department6.University1.edu/FullProfessor5,FullProfessor5,FullProfessor5@Department6.University1.edu,xxx-xxx-xxxx,Research11
35061,http://www.Department7.University1.edu/FullProfessor7,FullProfessor7,FullProfessor7@Department7.University1.edu,xxx-xxx-xxxx,Research20
37173,http://www.Department9.University1.edu/FullProfessor1,FullProfessor1,FullProfessor1@Department9.University1.edu,xxx-xxx-xxxx,Research27
38354,http://www.Department0.University2.edu/FullProfessor4,FullProfessor4,FullProfessor4@Department0.University2.edu,xxx-xxx-xxxx,Research22
39343,http://www.Department1.University2.edu/FullProfessor8,FullProfessor8,FullProfessor8@Department1.University2.edu,xxx-xxx-xxxx,Research8
41437,http://www.Department11.University2.edu/FullProfessor3,FullProfessor3,FullProfessor3@Department11.University2.edu,xxx-xxx-xxxx,Research7
42591,http://www.Department12.University2.edu/FullProfessor7,FullProfessor7,FullProfessor7@Department12.University2.edu,xxx-xxx-xxxx,Research21
44879,http://www.Department14.University2.edu/FullProfessor0,FullProfessor0,FullProfessor0@Department14.University2.edu,xxx-xxx-xxxx,Research26
45948,http://www.Department15.University2.edu/FullProfessor4,FullProfessor4,FullProfessor4@Department15.University2.edu,xxx-xxx-xxxx,Research3
47815,http://www.Department3.University2.edu/FullProfessor2,FullProfessor2,FullProfessor2@Department3.University2.edu,xxx-xxx-xxxx,Research6
48866,http://www.Department4.University2.edu/FullProfessor5,FullProfessor5,FullProfessor5@Department4.University2.edu,xxx-xxx-xxxx,Research29
49929,http://www.Department5.University2.edu/FullProfessor8,FullProfessor8,FullProfessor8@Department5.University2.edu,xxx-xxx-xxxx,Research20
52169,http://www.Department7.University2.edu/FullProfessor2,FullProfessor2,FullProfessor2@Department7.University2.edu,xxx-xxx-xxxx,Research13
53267,http://www.Department8.University2.edu/FullProfessor4,FullProfessor4,FullProfessor4@Department8.University2.edu,xxx-xxx-xxxx,Research29
54546,http://www.Department9.University2.edu/FullProfessor6,FullProfessor6,FullProfessor6@Department9.University2.edu,xxx-xxx-xxxx,Research14
56751,http://www.Department1.University3.edu/FullProfessor1,FullProfessor1,FullProfessor1@Department1.University3.edu,xxx-xxx-xxxx,Research14
57885,http://www.Department10.University3.edu/FullProfessor5,FullProfessor5,FullProfessor5@Department10.University3.edu,xxx-xxx-xxxx,Research24
60010,http://www.Department12.University3.edu/FullProfessor1,FullProfessor1,FullProfessor1@Department12.University3.edu,xxx-xxx-xxxx,Research22
61287,http://www.Department13.University3.edu/FullProfessor5,FullProfessor5,FullProfessor5@Department13.University3.edu,xxx-xxx-xxxx,Research4
63316,http://www.Department15.University3.edu/FullProfessor0,FullProfessor0,FullProfessor0@Department15.University3.edu,xxx-xxx-xxxx,Research18
64292,http://www.Department16.University3.edu/FullProfessor5,FullProfessor5,FullProfessor5@Department16.University3.edu,xxx-xxx-xxxx,Research3
65500,http://www.Department17.University3.edu/FullProfessor8,FullProfessor8,FullProfessor8@Department17.University3.edu,xxx-xxx-xxxx,Research27
67695,http://www.Department19.University3.edu/FullProfessor1,FullProfessor1,FullProfessor1@Department19.University3.edu,xxx-xxx-xxxx,Research6
68758,http://www.Department2.University3.edu/FullProfessor3,FullProfessor3,FullProfessor3@Department2.University3.edu,xxx-xxx-xxxx,Research20
70650,http://www.Department3.University3.edu/FullProfessor0,FullProfessor0,FullProfessor0@Department3.University3.edu,xxx-xxx-xxxx,Research5
71664,http://www.Department4.University3.edu/FullProfessor2,FullProfessor2,FullProfessor2@Department4.University3.edu,xxx-xxx-xxxx,Research15
72843,http://www.Department5.University3.edu/FullProfessor4,FullProfessor4,FullProfessor4@Department5.University3.edu,xxx-xxx-xxxx,Research14
73994,http://www.Department6.University3.edu/FullProfessor8,FullProfessor8,FullProfessor8@Department6.University3.edu,xxx-xxx-xxxx,Research13
76293,http://www.Department8.University3.edu/FullProfessor1,FullProfessor1,FullProfessor1@Department8.University3.edu,xxx-xxx-xxxx,Research5
77553,http://www.Department9.University3.edu/FullProfessor3,FullProfessor3,FullProfessor3@Department9.University3.edu,xxx-xxx-xxxx,Research2
65,http://www.Department0.University0.edu/FullProfessor9,FullProfessor9,FullProfessor9@Department0.University0.edu,xxx-xxx-xxxx,Research5
2763,http://www.Department10.University0.edu/FullProfessor1,FullProfessor1,FullProfessor1@Department10.University0.edu,xxx-xxx-xxxx,Research3
4032,http://www.Department11.University0.edu/FullProfessor6,FullProfessor6,FullProfessor6@Department11.University0.edu,xxx-xxx-xxxx,Research26
6375,http://www.Department13.University0.edu/FullProfessor1,FullProfessor1,FullProfessor1@Department13.University0.edu,xxx-xxx-xxxx,Research1
7642,http://www.Department14.University0.edu/FullProfessor5,FullProfessor5,FullProfessor5@Department14.University0.edu,xxx-xxx-xxxx,Research10
9612,http://www.Department3.University0.edu/FullProfessor3,FullProfessor3,FullProfessor3@Department3.University0.edu,xxx-xxx-xxxx,Research4
10719,http://www.Department4.University0.edu/FullProfessor6,FullProfessor6,FullProfessor6@Department4.University0.edu,xxx-xxx-xxxx,Research6
12908,http://www.Department6.University0.edu/FullProfessor1,FullProfessor1,FullProfessor1@Department6.University0.edu,xxx-xxx-xxxx,Research28
13868,http://www.Department7.University0.edu/FullProfessor3,FullProfessor3,FullProfessor3@Department7.University0.edu,xxx-xxx-xxxx,Research28
15080,http://www.Department8.University0.edu/FullProfessor8,FullProfessor8,FullProfessor8@Department8.University0.edu,xxx-xxx-xxxx,Research8
17192,http://www.Department0.University1.edu/FullProfessor4,FullProfessor4,FullProfessor4@Department0.University1.edu,xxx-xxx-xxxx,Research19
19305,http://www.Department10.University1.edu/FullProfessor1,FullProfessor1,FullProfessor1@Department10.University1.edu,xxx-xxx-xxxx,Research13
20389,http://www.Department11.University1.edu/FullProfessor3,FullProfessor3,FullProfessor3@Department11.University1.edu,xxx-xxx-xxxx,Research27
21229,http://www.Department12.University1.edu/FullProfessor8,FullProfessor8,FullProfessor8@Department12.University1.edu,xxx-xxx-xxxx,Research15
23635,http://www.Department14.University1.edu/FullProfessor0,FullProfessor0,FullProfessor0@Department14.University1.edu,xxx-xxx-xxxx,Research29
24709,http://www.Department15.University1.edu/FullProfessor5,FullProfessor5,FullProfessor5@Department15.University1.edu,xxx-xxx-xxxx,Research29
27114,http://www.Department17.University1.edu/FullProfessor0,FullProfessor0,FullProfessor0@Department17.University1.edu,xxx-xxx-xxxx,Research17
28220,http://www.Department18.University1.edu/FullProfessor4,FullProfessor4,FullProfessor4@Department18.University1.edu,xxx-xxx-xxxx,Research8
29280,http://www.Department2.University1.edu/FullProfessor7,FullProfessor7,FullProfessor7@Department2.University1.edu,xxx-xxx-xxxx,Research17
31614,http://www.Department4.University1.edu/FullProfessor1,FullProfessor1,FullProfessor1@Department4.University1.edu,xxx-xxx-xxxx,Research9
32629,http://www.Department5.University1.edu/FullProfessor6,FullProfessor6,FullProfessor6@Department5.University1.edu,xxx-xxx-xxxx,Research19
33890,http://www.Department6.University1.edu/FullProfessor9,FullProfessor9,FullProfessor9@Department6.University1.edu,xxx-xxx-xxxx,Research17
36234,http://www.Department8.University1.edu/FullProfessor1,FullProfessor1,FullProfessor1@Department8.University1.edu,xxx-xxx-xxxx,Research9
37187,http://www.Department9.University1.edu/FullProfessor5,FullProfessor5,FullProfessor5@Department9.University1.edu,xxx-xxx-xxxx,Research17
39314,http://www.Department1.University2.edu/FullProfessor0,FullProfessor0,FullProfessor0@Department1.University2.edu,xxx-xxx-xxxx,Research29
40469,http://www.Department10.University2.edu/FullProfessor3,FullProfessor3,FullProfessor3@Department10.University2.edu,xxx-xxx-xxxx,Research12
41453,http://www.Department11.University2.edu/FullProfessor7,FullProfessor7,FullProfessor7@Department11.University2.edu,xxx-xxx-xxxx,Research6
43759,http://www.Department13.University2.edu/FullProfessor2,FullProfessor2,FullProfessor2@Department13.University2.edu,xxx-xxx-xxxx,Research6
44896,http://www.Department14.University2.edu/FullProfessor4,FullProfessor4,FullProfessor4@Department14.University2.edu,xxx-xxx-xxxx,Research23
46828,http://www.Department2.University2.edu/FullProfessor1,FullProfessor1,FullProfessor1@Department2.University2.edu,xxx-xxx-xxxx,Research22
47832,http://www.Department3.University2.edu/FullProfessor6,FullProfessor6,FullProfessor6@Department3.University2.edu,xxx-xxx-xxxx,Research24
49898,http://www.Department5.University2.edu/FullProfessor0,FullProfessor0,FullProfessor0@Department5.University2.edu,xxx-xxx-xxxx,Research29
51071,http://www.Department6.University2.edu/FullProfessor2,FullProfessor2,FullProfessor2@Department6.University2.edu,xxx-xxx-xxxx,Research19
52184,http://www.Department7.University2.edu/FullProfessor6,FullProfessor6,FullProfessor6@Department7.University2.edu,xxx-xxx-xxxx,Research10
53282,http://www.Department8.University2.edu/FullProfessor8,FullProfessor8,FullProfessor8@Department8.University2.edu,xxx-xxx-xxxx,Research29
55674,http://www.Department0.University3.edu/FullProfessor2,FullProfessor2,FullProfessor2@Department0.University3.edu,xxx-xxx-xxxx,Research3
56767,http://www.Department1.University3.edu/FullProfessor5,FullProfessor5,FullProfessor5@Department1.University3.edu,xxx-xxx-xxxx,Research17
58829,http://www.Department11.University3.edu/FullProfessor2,FullProfessor2,FullProfessor2@Department11.University3.edu,xxx-xxx-xxxx,Research11
60028,http://www.Department12.University3.edu/FullProfessor5,FullProfessor5,FullProfessor5@Department12.University3.edu,xxx-xxx-xxxx,Research7
61302,http://www.Department13.University3.edu/FullProfessor9,FullProfessor9,FullProfessor9@Department13.University3.edu,xxx-xxx-xxxx,Research19
63333,http://www.Department15.University3.edu/FullProfessor4,FullProfessor4,FullProfessor4@Department15.University3.edu,xxx-xxx-xxxx,Research8
65465,http://www.Department17.University3.edu/FullProfessor0,FullProfessor0,FullProfessor0@Department17.University3.edu,xxx-xxx-xxxx,Research16
66654,http://www.Department18.University3.edu/FullProfessor3,FullProfessor3,FullProfessor3@Department18.University3.edu,xxx-xxx-xxxx,Research4
67712,http://www.Department19.University3.edu/FullProfessor5,FullProfessor5,FullProfessor5@Department19.University3.edu,xxx-xxx-xxxx,Research29
69610,http://www.Department20.University3.edu/FullProfessor0,FullProfessor0,FullProfessor0@Department20.University3.edu,xxx-xxx-xxxx,Research23
70664,http://www.Department3.University3.edu/FullProfessor4,FullProfessor4,FullProfessor4@Department3.University3.edu,xxx-xxx-xxxx,Research14
71677,http://www.Department4.University3.edu/FullProfessor6,FullProfessor6,FullProfessor6@Department4.University3.edu,xxx-xxx-xxxx,Research15
73960,http://www.Department6.University3.edu/FullProfessor0,FullProfessor0,FullProfessor0@Department6.University3.edu,xxx-xxx-xxxx,Research17
75057,http://www.Department7.University3.edu/FullProfessor3,FullProfessor3,FullProfessor3@Department7.University3.edu,xxx-xxx-xxxx,Research9
76310,http://www.Department8.University3.edu/FullProfessor5,FullProfessor5,FullProfessor5@Department8.University3.edu,xxx-xxx-xxxx,Research17
77569,http://www.Department9.University3.edu/FullProfessor7,FullProfessor7,FullProfessor7@Department9.University3.edu,xxx-xxx-xxxx,Research3
1558,http://www.Department1.University0.edu/FullProfessor0,FullProfessor0,FullProfessor0@Department1.University0.edu,xxx-xxx-xxxx,Research19
2769,http://www.Department10.University0.edu/FullProfessor2,FullProfessor2,FullProfessor2@Department10.University0.edu,xxx-xxx-xxxx,Research21
4037,http://www.Department11.University0.edu/FullProfessor7,FullProfessor7,FullProfessor7@Department11.University0.edu,xxx-xxx-xxxx,Research22
6380,http://www.Department13.University0.edu/FullProfessor2,FullProfessor2,FullProfessor2@Department13.University0.edu,xxx-xxx-xxxx,Research2
7647,http://www.Department14.University0.edu/FullProfessor6,FullProfessor6,FullProfessor6@Department14.University0.edu,xxx-xxx-xxxx,Research1
9617,http://www.Department3.University0.edu/FullProfessor4,FullProfessor4,FullProfessor4@Department3.University0.edu,xxx-xxx-xxxx,Research29
11766,http://www.Department5.University0.edu/FullProfessor0,FullProfessor0,FullProfessor0@Department5.University0.edu,xxx-xxx-xxxx,Research23
12913,http://www.Department6.University0.edu/FullProfessor2,FullProfessor2,FullProfessor2@Department6.University0.edu,xxx-xxx-xxxx,Research9
13873,http://www.Department7.University0.edu/FullProfessor4,FullProfessor4,FullProfessor4@Department7.University0.edu,xxx-xxx-xxxx,Research13
16224,http://www.Department9.University0.edu/FullProfessor0,FullProfessor0,FullProfessor0@Department9.University0.edu,xxx-xxx-xxxx,Research23
17195,http://www.Department0.University1.edu/FullProfessor5,FullProfessor5,FullProfessor5@Department0.University1.edu,xxx-xxx-xxxx,Research8
19309,http://www.Department10.University1.edu/FullProfessor2,FullProfessor2,FullProfessor2@Department10.University1.edu,xxx-xxx-xxxx,Research9
20392,http://www.Department11.University1.edu/FullProfessor4,FullProfessor4,FullProfessor4@Department11.University1.edu,xxx-xxx-xxxx,Research8
21233,http://www.Department12.University1.edu/FullProfessor9,FullProfessor9,FullProfessor9@Department12.University1.edu,xxx-xxx-xxxx,Research29
23638,http://www.Department14.University1.edu/FullProfessor1,FullProfessor1,FullProfessor1@Department14.University1.edu,xxx-xxx-xxxx,Research12
24713,http://www.Department15.University1.edu/FullProfessor6,FullProfessor6,FullProfessor6@Department15.University1.edu,xxx-xxx-xxxx,Research21
27118,http://www.Department17.University1.edu/FullProfessor1,FullProfessor1,FullProfessor1@Department17.University1.edu,xxx-xxx-xxxx,Research26
28224,http://www.Department18.University1.edu/FullProfessor5,FullProfessor5,FullProfessor5@Department18.University1.edu,xxx-xxx-xxxx,Research20
29283,http://www.Department2.University1.edu/FullProfessor8,FullProfessor8,FullProfessor8@Department2.University1.edu,xxx-xxx-xxxx,Research20
31618,http://www.Department4.University1.edu/FullProfessor2,FullProfessor2,FullProfessor2@Department4.University1.edu,xxx-xxx-xxxx,Research16
32632,http://www.Department5.University1.edu/FullProfessor7,FullProfessor7,FullProfessor7@Department5.University1.edu,xxx-xxx-xxxx,Research3
35033,http://www.Department7.University1.edu/FullProfessor0,FullProfessor0,FullProfessor0@Department7.University1.edu,xxx-xxx-xxxx,Research25
36239,http://www.Department8.University1.edu/FullProfessor2,FullProfessor2,FullProfessor2@Department8.University1.edu,xxx-xxx-xxxx,Research22
37191,http://www.Department9.University1.edu/FullProfessor6,FullProfessor6,FullProfessor6@Department9.University1.edu,xxx-xxx-xxxx,Research11
39317,http://www.Department1.University2.edu/FullProfessor1,FullProfessor1,FullProfessor1@Department1.University2.edu,xxx-xxx-xxxx,Research25
40473,http://www.Department10.University2.edu/FullProfessor4,FullProfessor4,FullProfessor4@Department10.University2.edu,xxx-xxx-xxxx,Research3
42562,http://www.Department12.University2.edu/FullProfessor0,FullProfessor0,FullProfessor0@Department12.University2.edu,xxx-xxx-xxxx,Research17
43763,http://www.Department13.University2.edu/FullProfessor3,FullProfessor3,FullProfessor3@Department13.University2.edu,xxx-xxx-xxxx,Research28
44899,http://www.Department14.University2.edu/FullProfessor5,FullProfessor5,FullProfessor5@Department14.University2.edu,xxx-xxx-xxxx,Research9
46831,http://www.Department2.University2.edu/FullProfessor2,FullProfessor2,FullProfessor2@Department2.University2.edu,xxx-xxx-xxxx,Research26
47835,http://www.Department3.University2.edu/FullProfessor7,FullProfessor7,FullProfessor7@Department3.University2.edu,xxx-xxx-xxxx,Research7
49902,http://www.Department5.University2.edu/FullProfessor1,FullProfessor1,FullProfessor1@Department5.University2.edu,xxx-xxx-xxxx,Research4
51075,http://www.Department6.University2.edu/FullProfessor3,FullProfessor3,FullProfessor3@Department6.University2.edu,xxx-xxx-xxxx,Research14
52189,http://www.Department7.University2.edu/FullProfessor7,FullProfessor7,FullProfessor7@Department7.University2.edu,xxx-xxx-xxxx,Research27
53287,http://www.Department8.University2.edu/FullProfessor9,FullProfessor9,FullProfessor9@Department8.University2.edu,xxx-xxx-xxxx,Research1
55678,http://www.Department0.University3.edu/FullProfessor3,FullProfessor3,FullProfessor3@Department0.University3.edu,xxx-xxx-xxxx,Research5
56771,http://www.Department1.University3.edu/FullProfessor6,FullProfessor6,FullProfessor6@Department1.University3.edu,xxx-xxx-xxxx,Research1
58833,http://www.Department11.University3.edu/FullProfessor3,FullProfessor3,FullProfessor3@Department11.University3.edu,xxx-xxx-xxxx,Research21
60032,http://www.Department12.University3.edu/FullProfessor6,FullProfessor6,FullProfessor6@Department12.University3.edu,xxx-xxx-xxxx,Research24
62413,http://www.Department14.University3.edu/FullProfessor0,FullProfessor0,FullProfessor0@Department14.University3.edu,xxx-xxx-xxxx,Research20
63336,http://www.Department15.University3.edu/FullProfessor5,FullProfessor5,FullProfessor5@Department15.University3.edu,xxx-xxx-xxxx,Research17
65470,http://www.Department17.University3.edu/FullProfessor1,FullProfessor1,FullProfessor1@Department17.University3.edu,xxx-xxx-xxxx,Research6
66657,http://www.Department18.University3.edu/FullProfessor4,FullProfessor4,FullProfessor4@Department18.University3.edu,xxx-xxx-xxxx,Research23
67716,http://www.Department19.University3.edu/FullProfessor6,FullProfessor6,FullProfessor6@Department19.University3.edu,xxx-xxx-xxxx,Research20
69613,http://www.Department20.University3.edu/FullProfessor1,FullProfessor1,FullProfessor1@Department20.University3.edu,xxx-xxx-xxxx,Research23
70669,http://www.Department3.University3.edu/FullProfessor5,FullProfessor5,FullProfessor5@Department3.University3.edu,xxx-xxx-xxxx,Research21
71681,http://www.Department4.University3.edu/FullProfessor7,FullProfessor7,FullProfessor7@Department4.University3.edu,xxx-xxx-xxxx,Research24
73964,http://www.Department6.University3.edu/FullProfessor1,FullProfessor1,FullProfessor1@Department6.University3.edu,xxx-xxx-xxxx,Research27
75060,http://www.Department7.University3.edu/FullProfessor4,FullProfessor4,FullProfessor4@Department7.University3.edu,xxx-xxx-xxxx,Research10
76314,http://www.Department8.University3.edu/FullProfessor6,FullProfessor6,FullProfessor6@Department8.University3.edu,xxx-xxx-xxxx,Research7
77573,http://www.Department9.University3.edu/FullProfessor8,FullProfessor8,FullProfessor8@Department9.University3.edu,xxx-xxx-xxxx,Research8
22,http://www.Department0.University0.edu/FullProfessor3,FullProfessor3,FullProfessor3@Department0.University0.edu,xxx-xxx-xxxx,Research12
1588,http://www.Department1.University0.edu/FullProfessor5,FullProfessor5,FullProfessor5@Department1.University0.edu,xxx-xxx-xxxx,Research7
4002,http://www.Department11.University0.edu/FullProfessor0,FullProfessor0,FullProfessor0@Department11.University0.edu,xxx-xxx-xxxx,Research20
5275,http://www.Department12.University0.edu/FullProfessor4,FullProfessor4,FullProfessor4@Department12.University0.edu,xxx-xxx-xxxx,Research0
6403,http://www.Department13.University0.edu/FullProfessor7,FullProfessor7,FullProfessor7@Department13.University0.edu,xxx-xxx-xxxx,Research15
8567,http://www.Department2.University0.edu/FullProfessor4,FullProfessor4,FullProfessor4@Department2.University0.edu,xxx-xxx-xxxx,Research28
10695,http://www.Department4.University0.edu/FullProfessor0,FullProfessor0,FullProfessor0@Department4.University0.edu,xxx-xxx-xxxx,Research24
11789,http://www.Department5.University0.edu/FullProfessor5,FullProfessor5,FullProfessor5@Department5.University0.edu,xxx-xxx-xxxx,Research18
12934,http://www.Department6.University0.edu/FullProfessor7,FullProfessor7,FullProfessor7@Department6.University0.edu,xxx-xxx-xxxx,Research9
15052,http://www.Department8.University0.edu/FullProfessor2,FullProfessor2,FullProfessor2@Department8.University0.edu,xxx-xxx-xxxx,Research25
16244,http://www.Department9.University0.edu/FullProfessor5,FullProfessor5,FullProfessor5@Department9.University0.edu,xxx-xxx-xxxx,Research5
18146,http://www.Department1.University1.edu/FullProfessor3,FullProfessor3,FullProfessor3@Department1.University1.edu,xxx-xxx-xxxx,Research28
19330,http://www.Department10.University1.edu/FullProfessor7,FullProfessor7,FullProfessor7@Department10.University1.edu,xxx-xxx-xxxx,Research13
21206,http://www.Department12.University1.edu/FullProfessor2,FullProfessor2,FullProfessor2@Department12.University1.edu,xxx-xxx-xxxx,Research3
22432,http://www.Department13.University1.edu/FullProfessor4,FullProfessor4,FullProfessor4@Department13.University1.edu,xxx-xxx-xxxx,Research24
23656,http://www.Department14.University1.edu/FullProfessor6,FullProfessor6,FullProfessor6@Department14.University1.edu,xxx-xxx-xxxx,Research21
25897,http://www.Department16.University1.edu/FullProfessor4,FullProfessor4,FullProfessor4@Department16.University1.edu,xxx-xxx-xxxx,Research29
27139,http://www.Department17.University1.edu/FullProfessor6,FullProfessor6,FullProfessor6@Department17.University1.edu,xxx-xxx-xxxx,Research12
29257,http://www.Department2.University1.edu/FullProfessor1,FullProfessor1,FullProfessor1@Department2.University1.edu,xxx-xxx-xxxx,Research8
30364,http://www.Department3.University1.edu/FullProfessor4,FullProfessor4,FullProfessor4@Department3.University1.edu,xxx-xxx-xxxx,Research24
32604,http://www.Department5.University1.edu/FullProfessor0,FullProfessor0,FullProfessor0@Department5.University1.edu,xxx-xxx-xxxx,Research1
33863,http://www.Department6.University1.edu/FullProfessor3,FullProfessor3,FullProfessor3@Department6.University1.edu,xxx-xxx-xxxx,Research29
35053,http://www.Department7.University1.edu/FullProfessor5,FullProfessor5,FullProfessor5@Department7.University1.edu,xxx-xxx-xxxx,Research9
36258,http://www.Department8.University1.edu/FullProfessor7,FullProfessor7,FullProfessor7@Department8.University1.edu,xxx-xxx-xxxx,Research21
38345,http://www.Department0.University2.edu/FullProfessor2,FullProfessor2,FullProfessor2@Department0.University2.edu,xxx-xxx-xxxx,Research2
39336,http://www.Department1.University2.edu/FullProfessor6,FullProfessor6,FullProfessor6@Department1.University2.edu,xxx-xxx-xxxx,Research15
41428,http://www.Department11.University2.edu/FullProfessor1,FullProfessor1,FullProfessor1@Department11.University2.edu,xxx-xxx-xxxx,Research19
42583,http://www.Department12.University2.edu/FullProfessor5,FullProfessor5,FullProfessor5@Department12.University2.edu,xxx-xxx-xxxx,Research0
43783,http://www.Department13.University2.edu/FullProfessor8,FullProfessor8,FullProfessor8@Department13.University2.edu,xxx-xxx-xxxx,Research26
45942,http://www.Department15.University2.edu/FullProfessor2,FullProfessor2,FullProfessor2@Department15.University2.edu,xxx-xxx-xxxx,Research20
47806,http://www.Department3.University2.edu/FullProfessor0,FullProfessor0,FullProfessor0@Department3.University2.edu,xxx-xxx-xxxx,Research20
48859,http://www.Department4.University2.edu/FullProfessor3,FullProfessor3,FullProfessor3@Department4.University2.edu,xxx-xxx-xxxx,Research25
49922,http://www.Department5.University2.edu/FullProfessor6,FullProfessor6,FullProfessor6@Department5.University2.edu,xxx-xxx-xxxx,Research6
52161,http://www.Department7.University2.edu/FullProfessor0,FullProfessor0,FullProfessor0@Department7.University2.edu,xxx-xxx-xxxx,Research9
53259,http://www.Department8.University2.edu/FullProfessor2,FullProfessor2,FullProfessor2@Department8.University2.edu,xxx-xxx-xxxx,Research3
54539,http://www.Department9.University2.edu/FullProfessor4,FullProfessor4,FullProfessor4@Department9.University2.edu,xxx-xxx-xxxx,Research6
55697,http://www.Department0.University3.edu/FullProfessor8,FullProfessor8,FullProfessor8@Department0.University3.edu,xxx-xxx-xxxx,Research23
57876,http://www.Department10.University3.edu/FullProfessor3,FullProfessor3,FullProfessor3@Department10.University3.edu,xxx-xxx-xxxx,Research17
58854,http://www.Department11.University3.edu/FullProfessor8,FullProfessor8,FullProfessor8@Department11.University3.edu,xxx-xxx-xxxx,Research11
61280,http://www.Department13.University3.edu/FullProfessor3,FullProfessor3,FullProfessor3@Department13.University3.edu,xxx-xxx-xxxx,Research10
62432,http://www.Department14.University3.edu/FullProfessor5,FullProfessor5,FullProfessor5@Department14.University3.edu,xxx-xxx-xxxx,Research4
64283,http://www.Department16.University3.edu/FullProfessor3,FullProfessor3,FullProfessor3@Department16.University3.edu,xxx-xxx-xxxx,Research8
65491,http://www.Department17.University3.edu/FullProfessor6,FullProfessor6,FullProfessor6@Department17.University3.edu,xxx-xxx-xxxx,Research29
66678,http://www.Department18.University3.edu/FullProfessor9,FullProfessor9,FullProfessor9@Department18.University3.edu,xxx-xxx-xxxx,Research3
68749,http://www.Department2.University3.edu/FullProfessor1,FullProfessor1,FullProfessor1@Department2.University3.edu,xxx-xxx-xxxx,Research4
69634,http://www.Department20.University3.edu/FullProfessor6,FullProfessor6,FullProfessor6@Department20.University3.edu,xxx-xxx-xxxx,Research7
71656,http://www.Department4.University3.edu/FullProfessor0,FullProfessor0,FullProfessor0@Department4.University3.edu,xxx-xxx-xxxx,Research5
72835,http://www.Department5.University3.edu/FullProfessor2,FullProfessor2,FullProfessor2@Department5.University3.edu,xxx-xxx-xxxx,Research23
73986,http://www.Department6.University3.edu/FullProfessor6,FullProfessor6,FullProfessor6@Department6.University3.edu,xxx-xxx-xxxx,Research8
75081,http://www.Department7.University3.edu/FullProfessor9,FullProfessor9,FullProfessor9@Department7.University3.edu,xxx-xxx-xxxx,Research20
77544,http://www.Department9.University3.edu/FullProfessor1,FullProfessor1,FullProfessor1@Department9.University3.edu,xxx-xxx-xxxx,Research4
